Link,Title,Desc
https://modernfarmer.com/category/farm/,Farm - Modern Farmer,Our stories connect people to the origins of food and highlight producers and innovators working to create a sustainable future.
https://modernfarmer.com/2025/01/a-secret-weapon-in-agricultures-climate-fight-ants/,A Secret Weapon in Agriculture’s Climate Fight: Ants - Modern Farmer,"The ant scurries along on six nimble legs. It catches up to its peers, a line of antennaed bugs roaming the winding surface of a tree, perpetually hunting"
https://www.thehindu.com/sci-tech/agriculture/,"Agricultural Science News, Farm Technology, Cultivation Methods - The Hindu","News and updates on agricultural technology, irrigation, fertilizers, organic farming, harvesting, farm equipments"
https://www.thehindu.com/opinion/op-ed/agriculture-is-fiscally-neglected-in-the-budget/article69169835.ece,Agriculture is fiscally neglected in the Budget - The Hindu,"Schemes and programmes are starved of resources, and the real issues that confront the farmers and the sector remain sidelined"
https://www.thehindu.com/business/budget/agriculture-is-the-first-engine-of-growth-nirmala-sitharaman/article69169309.ece,Union Budget 2025: Allocations for key agriculture schemes see dip - The Hindu,"Union Finance Minister Nirmala Sitharaman has termed the agriculture sector as the first engine of growth and announced schemes such as the Prime Minister Dhan-Dhaanya Krishi Yojana - Developing Agri Districts Programme – a scheme that is likely to benefit 1.7 crore farmers in 100 districts with low crop production-- for the sector in the budget presented in Parliament on Saturday. Union Agriculture Minister Shivraj Singh Chouhan said the budget will help in all-round development of the farm sector. The farmers’ organisations, however, are unhappy with the announcements and said the budget will lead to further rise in the input costs involved in farming."
https://www.thehindubusinessline.com/news/national/jammu-kashmir-unseasonal-temperature-rise-snowfall-deficit-threaten-agriculture-and-water-security/article69211249.ece,Jammu & Kashmir: Unseasonal temperature rise and snowfall deficit threaten agriculture and water security - The Hindu BusinessLine,"Kashmir faces snowfall deficit and above-normal temperatures, impacting agriculture, water security, and hydropower generation in the region."
https://icar.org.in/ITK,Traditional Knowledge In Agriculture | ICAR,Traditional Knowledge In Agriculture - | Indian Council of Agricultural Research Krishi Bhavan
https://icar.org.in/indian-farming,Indian Farming | ICAR,Indian Farming - | Indian Council of Agricultural Research Krishi Bhavan
https://indianexpress.com/article/upsc-current-affairs/upsc-essentials/can-feminisation-of-agriculture-be-equated-with-women-empowerment-9808129/,How can feminisation of agriculture empower women? | UPSC Current Affairs News - The Indian Express,The feminisation of agriculture refers to the increasing participation of women in agricultural activities. But how can this shift translate into greater decision-making power and economic independence for them?
https://indianexpress.com/article/upsc-current-affairs/upsc-essentials/how-agriculture-evolves-and-adapts-to-current-challenges-9780628/,How agriculture evolves and adapts to current challenges | UPSC Current Affairs News - The Indian Express,"Agriculture today faces challenges like climate change, shrinking arable land, and depleting freshwater reserves. But how has agriculture in India evolved from traditional subsistence farming methods to market-oriented practices, and how does it adapt to current challenges?"
https://indianexpress.com/article/cities/chandigarh/faridkot-chief-agriculture-officer-amrik-singh-empower-farmers-modern-extension-system-9756082/,"Faridkot Chief Agriculture Officer Amrik Singh: To truly empower farmers, we need robust and modern extension system | Chandigarh News - The Indian Express",Amrik Singh said investing in agricultural extension services is investing in future of farmers.
https://indianexpress.com/article/cities/ahmedabad/water-conservation-latest-farming-trends-among-highlights-at-inauguration-of-agriculture-fair-at-navsari-agricultural-university-9738308/,"Water conservation, latest farming trends among highlights at inauguration of agriculture fair at Navsari Agricultural University | Ahmedabad News - The Indian Express","""Now, we see water given in bottles to the guests, but if it is not saved, a time will come when water will served in capsules,” said C R Paatil, sounding a warning on possible shortage of water in future."
https://indianexpress.com/article/explained/explained-economics/agriculture-status-modi-govt-9606866/,Has agriculture performed better under Modi govt? | Explained News - The Indian Express,"A new NITI Aayog study says yes, but growth has come more from livestock, horticulture and fisheries than from crops."
